-- --------------------------------------------------------
-- 호스트:                          127.0.0.1
-- 서버 버전:                        10.5.4-MariaDB - mariadb.org binary distribution
-- 서버 OS:                        Win64
-- HeidiSQL 버전:                  11.0.0.5919
-- --------------------------------------------------------

/*!40101 SET @OLD_CHARACTER_SET_CLIENT=@@CHARACTER_SET_CLIENT */;
/*!40101 SET NAMES utf8 */;
/*!50503 SET NAMES utf8mb4 */;
/*!40014 SET @OLD_FOREIGN_KEY_CHECKS=@@FOREIGN_KEY_CHECKS, FOREIGN_KEY_CHECKS=0 */;
/*!40101 SET @OLD_SQL_MODE=@@SQL_MODE, SQL_MODE='NO_AUTO_VALUE_ON_ZERO' */;


-- aa 데이터베이스 구조 내보내기
CREATE DATABASE IF NOT EXISTS `aa` /*!40100 DEFAULT CHARACTER SET utf8 */;
USE `aa`;

-- 테이블 aa.auth 구조 내보내기
CREATE TABLE IF NOT EXISTS `auth` (
  `u_id` varchar(255) NOT NULL,
  `u_auth` varchar(255) NOT NULL,
  PRIMARY KEY (`u_id`,`u_auth`)
) ENGINE=InnoDB DEFAULT CHARSET=utf8;

-- 테이블 데이터 aa.auth:~3 rows (대략적) 내보내기
/*!40000 ALTER TABLE `auth` DISABLE KEYS */;
INSERT INTO `auth` (`u_id`, `u_auth`) VALUES
	('15', 'ROLE_USER'),
	('cju', 'ROLE_ADMIN'),
	('cju', 'ROLE_USER');
/*!40000 ALTER TABLE `auth` ENABLE KEYS */;

-- 테이블 aa.board 구조 내보내기
CREATE TABLE IF NOT EXISTS `board` (
  `a_idx` int(10) NOT NULL AUTO_INCREMENT,
  `a_title` varchar(255) NOT NULL,
  `a_count` int(10) DEFAULT NULL,
  `a_content` text DEFAULT NULL,
  `a_group` int(11) unsigned DEFAULT NULL,
  `a_order` int(11) unsigned DEFAULT NULL,
  `a_depth` int(11) unsigned DEFAULT NULL,
  `a_date` datetime DEFAULT current_timestamp(),
  `u_idx` int(11) DEFAULT NULL,
  PRIMARY KEY (`a_idx`) USING BTREE
) ENGINE=InnoDB AUTO_INCREMENT=109 DEFAULT CHARSET=utf8;

-- 테이블 데이터 aa.board:~37 rows (대략적) 내보내기
/*!40000 ALTER TABLE `board` DISABLE KEYS */;
INSERT INTO `board` (`a_idx`, `a_title`, `a_count`, `a_content`, `a_group`, `a_order`, `a_depth`, `a_date`, `u_idx`) VALUES
	(43, '수정ㅇ', 0, '수저저얼', 43, 0, 1, '2021-04-23 09:50:23', 1),
	(44, '가즈아ㅇ', 0, '가자', 44, 1, 1, '2021-04-23 10:05:51', 2),
	(51, 'ㅇㅇ', 0, 'ㅇㅇ', 51, 1, 1, '2021-04-26 10:00:07', 3),
	(66, '새글1답변ㅇ', 0, '새글1답변', 65, 1, 2, '2021-04-26 10:31:02', 4),
	(68, '새글1답변2답변ㅇ', 0, '새글1답변2답변', 65, 2, 3, '2021-04-26 10:53:41', 5),
	(71, '답글33333333333 ㅇ', 0, 'ㅇㅇ', 65, 4, 2, '2021-04-26 11:28:58', 6),
	(72, '가즈아 답글 ㅇ', 0, '가즈아 답글', 44, 0, 2, '2021-04-26 11:31:34', 7),
	(73, '수정 ㅇ', 0, '수정', 73, 0, 1, '2021-04-27 10:52:32', 8),
	(74, 'sdfsdf ㅇ', 0, 'sdfsdf', 74, 0, 1, '2021-05-06 11:45:22', 9),
	(75, '가즈아 ㅇ', 4, '가즈아', 75, 2, 1, '2021-05-06 11:45:29', 10),
	(76, 'ㅇㄹㅇㄴ', 0, 'ㄹㄴㅇㄹㄴㅇㄹ', 75, 1, 2, '2021-05-06 11:48:50', 11),
	(78, 'ff', 0, 'ffㄹㄹ', 65, 0, 3, '2021-05-07 08:55:21', 12),
	(80, '1', 0, '', 75, 0, 3, '2021-05-07 10:20:41', 13),
	(81, '김', 9, '김', 81, 0, 1, '2021-05-10 10:33:00', 14),
	(86, '붕어', NULL, '잉어', NULL, NULL, NULL, '2021-05-18 11:44:18', NULL),
	(87, 'ㄴㅇㄹ', NULL, 'ㄴㅇㄹㄴㅇㄹ', NULL, NULL, NULL, '2021-05-18 11:46:14', NULL),
	(88, 'ㅇ', NULL, 'ㅇ', NULL, NULL, NULL, '2021-05-18 11:47:24', NULL),
	(89, 'ㄹ', NULL, 'ㄹ', NULL, NULL, NULL, '2021-05-18 11:47:26', NULL),
	(90, 'ㄹㄴㅇㄹ', NULL, 'ㄴㅇㄹㄴㅇㄹ', NULL, NULL, NULL, '2021-05-18 11:48:07', NULL),
	(91, '작성', NULL, '작성', NULL, NULL, NULL, '2021-05-20 10:11:19', NULL),
	(92, '안녕', NULL, '안녕', NULL, NULL, NULL, '2021-05-20 10:52:42', NULL),
	(93, '비가오네', NULL, '비가노', 0, 0, 0, '2021-05-27 11:03:01', 0),
	(94, 'ㅇ', NULL, 'ㅇㅇ', 0, 0, 0, '2021-05-27 11:03:43', 0),
	(95, '5.27', NULL, '5.27', 0, 0, 0, '2021-05-27 11:08:26', 0),
	(96, '5.271', NULL, '11', 0, 0, 0, '2021-05-27 11:11:46', 0),
	(97, '5.271', NULL, '11', 0, 0, 0, '2021-05-27 11:12:30', 0),
	(98, 'ㄴㅇㅎㅇㄹ', NULL, 'ㅇㅀㅇㅀ', 0, 0, 0, '2021-05-27 11:12:34', 0),
	(99, 'ㄴㅇㄹㅇㄴㄹㄴㅇ', NULL, 'ㄹㄴㅇㄹㄴㅇㄹㄴㅇㄹㄴㅇㄹ', 0, 0, 0, '2021-05-27 11:12:57', 0),
	(100, 'ㄴㅇㄹㄴㅇㅎㄹㅇ', NULL, 'ㅎㄹ올호', 0, 0, 0, '2021-05-27 11:14:21', 0),
	(101, '535346', NULL, '5456456', 0, 0, 0, '2021-05-27 11:19:16', 0),
	(102, 'fffffffff', NULL, 'fffffffffffff', 0, 0, 0, '2021-05-27 11:32:13', 0),
	(103, 'drg345345', NULL, '4564576547', 0, 0, 0, '2021-05-27 11:40:10', 0),
	(104, '==', NULL, '==', 0, 0, 0, '2021-05-27 11:45:52', 0),
	(105, '2354235', NULL, '3465346', 0, 0, 0, '2021-05-27 11:46:23', 0),
	(106, '2352566', NULL, '7777', 0, 0, 0, '2021-05-27 12:05:33', 0),
	(107, '--', NULL, '--', 0, 0, 0, '2021-05-27 12:07:09', 0),
	(108, '-----', NULL, '------', 0, 0, 0, '2021-05-27 12:08:00', 0);
/*!40000 ALTER TABLE `board` ENABLE KEYS */;

-- 테이블 aa.comment 구조 내보내기
CREATE TABLE IF NOT EXISTS `comment` (
  `b_idx` int(11) NOT NULL AUTO_INCREMENT,
  `u_idx` varchar(50) NOT NULL,
  `b_title` varchar(50) DEFAULT NULL,
  `b_content` varchar(50) DEFAULT NULL,
  `a_idx` int(11) NOT NULL,
  `b_group` int(11) DEFAULT NULL,
  `b_order` int(11) DEFAULT NULL,
  `b_depth` int(11) DEFAULT NULL,
  PRIMARY KEY (`b_idx`),
  KEY `a_idx` (`a_idx`)
) ENGINE=InnoDB AUTO_INCREMENT=147 DEFAULT CHARSET=utf8;

-- 테이블 데이터 aa.comment:~59 rows (대략적) 내보내기
/*!40000 ALTER TABLE `comment` DISABLE KEYS */;
INSERT INTO `comment` (`b_idx`, `u_idx`, `b_title`, `b_content`, `a_idx`, `b_group`, `b_order`, `b_depth`) VALUES
	(6, '3', 'ㅎㅇ', '안녕ㅇㅇ', 6, NULL, NULL, NULL),
	(8, '4', 'ㅎㅇ', NULL, 7, NULL, NULL, NULL),
	(44, '4', NULL, 'ㄴㄴ', 18, NULL, NULL, NULL),
	(45, '4', NULL, 'ㅍㄹㄹ', 18, NULL, NULL, NULL),
	(77, '3', NULL, 'ㅇㅇㅇㅇㅇㅇㅇ', 5, NULL, NULL, NULL),
	(78, '4', NULL, 'ㄹㄹㄹㄹㄹㄹㄹㄹㄹㄹㄹㄹㄹ', 5, NULL, NULL, NULL),
	(79, '3', NULL, 'sadsaf', 5, NULL, NULL, NULL),
	(80, '4', NULL, 'sdfdsf', 6, NULL, NULL, NULL),
	(81, '4', NULL, 'ㅎㅎ', 6, NULL, NULL, NULL),
	(82, '4', NULL, '오어라러', 5, NULL, NULL, NULL),
	(90, '3', NULL, 'gg', 73, NULL, NULL, NULL),
	(91, '3', NULL, 'gg', 73, NULL, NULL, NULL),
	(92, '3', NULL, 'ddd', 73, NULL, NULL, NULL),
	(94, '3', NULL, 'ddd', 73, NULL, NULL, NULL),
	(96, '3', NULL, 'ㄹㄹ', 65, NULL, NULL, NULL),
	(97, '3', NULL, 'ㄹㄹ', 65, NULL, NULL, NULL),
	(98, '3', NULL, 'ㅊㅊㅊ', 65, NULL, NULL, NULL),
	(99, '3', NULL, 'ㅇㄹㄴㅇㄹㄴㅇㄹ', 65, NULL, NULL, NULL),
	(100, '3', NULL, 'ㅇㄴㄹㄴㄹ', 73, NULL, NULL, NULL),
	(101, '3', NULL, 'ㅇㄴㄹㄴㄹㄴㅇㄹ', 73, NULL, NULL, NULL),
	(102, '3', NULL, 'ㅇㄴㄹㄴㄹㄴㅇㄹ', 73, NULL, NULL, NULL),
	(103, '3', NULL, 'ㅇㄴㄹㄴㄹㄴㅇㄹ', 73, NULL, NULL, NULL),
	(104, '3', NULL, 'ㅇㄴㄹㄴㄹㄴㅇㄹ', 73, NULL, NULL, NULL),
	(106, '3', NULL, 'ㅇㄴㄹㄴㄹㄴㅇㄹ', 73, NULL, NULL, NULL),
	(107, '3', NULL, 'ㅇㄴㄹㄴㄹㄴㅇㄹ', 73, NULL, NULL, NULL),
	(108, '3', NULL, 'ㅇㄴㄹㄴㄹㄴㅇㄹ', 73, NULL, NULL, NULL),
	(109, '3', NULL, 'ㅇㄴㄹㄴㄹㄴㅇㄹ', 73, NULL, NULL, NULL),
	(110, '3', NULL, 'ㅇㄴㄹㄴㄹㄴㅇㄹ', 73, NULL, NULL, NULL),
	(111, '3', NULL, 'ㄴㅇㄹㄴㅇㄹㄴㅇㄹ', 73, NULL, NULL, NULL),
	(112, '3', NULL, 'ㄴㅇㄹㄴㅇㄹㄴㅇㄹ', 73, NULL, NULL, NULL),
	(113, '3', NULL, 'ㄴㅇㄹㄴㅇㄹㄴㅇㄹ', 73, NULL, NULL, NULL),
	(114, '3', NULL, 'ㄴㅇㄹㄴㅇㄹㄴㅇㄹ', 73, 114, 0, 1),
	(115, '3', NULL, 'ㄴㅇㄹㄴㅇㄹㄴㅇㄹ', 73, 115, 0, 1),
	(116, '3', NULL, 'ㄴㅇㄹㄴㅇㄹㄴㅇㄹ', 73, 116, 1, 1),
	(117, '3', NULL, 'ㄴㅇㄹㄴㅇㄹㄴㅇㄹ', 73, NULL, NULL, NULL),
	(118, '3', NULL, 'ㄴㅇㄹㄴㅇㄹㄴㅇㄹ', 73, NULL, NULL, NULL),
	(119, '3', NULL, 'ㄴㅇㄹㄴㅇㄹㄴㅇㄹ', 73, NULL, NULL, NULL),
	(120, '3', NULL, 'ㄴㅇㄹㄴㅇㄹㄴㅇㄹ', 73, NULL, NULL, NULL),
	(121, '3', NULL, 'ㄴㅇㄹㄴㅇㄹㄴㅇㄹ', 73, NULL, NULL, NULL),
	(122, '3', NULL, 'ㄴㅇㄹㄴㅇㄹㄴㅇㄹ', 73, NULL, NULL, NULL),
	(123, '3', NULL, 'dd', 73, NULL, NULL, NULL),
	(124, '3', NULL, 'dd', 73, NULL, NULL, NULL),
	(125, '3', NULL, 'dd', 73, NULL, NULL, NULL),
	(126, '3', NULL, 'dd', 73, NULL, NULL, NULL),
	(127, '3', NULL, 'dd', 73, NULL, NULL, NULL),
	(128, '3', NULL, 'dd', 73, NULL, NULL, NULL),
	(129, '3', NULL, 'dddd', 73, NULL, NULL, NULL),
	(130, '3', NULL, 'dddd', 73, 130, 8, 1),
	(132, '4', NULL, NULL, 73, 130, 0, 2),
	(133, '4', NULL, NULL, 73, 116, 0, 2),
	(134, '4', NULL, NULL, 73, 130, 1, 2),
	(135, '4', NULL, NULL, 73, 130, 2, 2),
	(138, '4', NULL, '디다답글', 73, 130, 7, 2),
	(139, '4', NULL, '다다다다글', 73, 130, 6, 3),
	(140, '4', NULL, 'ㅇㅇ', 79, 140, 0, 1),
	(141, '4', NULL, '댓글', 79, 141, 0, 1),
	(143, '3', NULL, 'f', 66, 143, 0, 1),
	(144, '3', NULL, '김떙떙', 81, 144, 0, 1),
	(145, '4', NULL, '이모씨', 81, 145, 0, 1);
/*!40000 ALTER TABLE `comment` ENABLE KEYS */;

-- 테이블 aa.spring_session 구조 내보내기
CREATE TABLE IF NOT EXISTS `spring_session` (
  `PRIMARY_ID` char(36) NOT NULL,
  `SESSION_ID` char(36) NOT NULL,
  `CREATION_TIME` bigint(20) NOT NULL,
  `LAST_ACCESS_TIME` bigint(20) NOT NULL,
  `MAX_INACTIVE_INTERVAL` int(11) NOT NULL,
  `EXPIRY_TIME` bigint(20) NOT NULL,
  `PRINCIPAL_NAME` varchar(100) DEFAULT NULL,
  PRIMARY KEY (`PRIMARY_ID`),
  UNIQUE KEY `SPRING_SESSION_IX1` (`SESSION_ID`),
  KEY `SPRING_SESSION_IX2` (`EXPIRY_TIME`),
  KEY `SPRING_SESSION_IX3` (`PRINCIPAL_NAME`)
) ENGINE=InnoDB DEFAULT CHARSET=utf8 ROW_FORMAT=DYNAMIC;

-- 테이블 데이터 aa.spring_session:~1 rows (대략적) 내보내기
/*!40000 ALTER TABLE `spring_session` DISABLE KEYS */;
INSERT INTO `spring_session` (`PRIMARY_ID`, `SESSION_ID`, `CREATION_TIME`, `LAST_ACCESS_TIME`, `MAX_INACTIVE_INTERVAL`, `EXPIRY_TIME`, `PRINCIPAL_NAME`) VALUES
	('17b3c7eb-8e8b-442f-8088-aeb2d6085c73', 'ee746ce0-a170-4df0-8dce-db1cab848b52', 1622079564711, 1622085549368, 7200, 1622092749368, 'cju');
/*!40000 ALTER TABLE `spring_session` ENABLE KEYS */;

-- 테이블 aa.spring_session_attributes 구조 내보내기
CREATE TABLE IF NOT EXISTS `spring_session_attributes` (
  `SESSION_PRIMARY_ID` char(36) NOT NULL,
  `ATTRIBUTE_NAME` varchar(200) NOT NULL,
  `ATTRIBUTE_BYTES` blob NOT NULL,
  PRIMARY KEY (`SESSION_PRIMARY_ID`,`ATTRIBUTE_NAME`),
  CONSTRAINT `SPRING_SESSION_ATTRIBUTES_FK` FOREIGN KEY (`SESSION_PRIMARY_ID`) REFERENCES `spring_session` (`PRIMARY_ID`) ON DELETE CASCADE
) ENGINE=InnoDB DEFAULT CHARSET=utf8 ROW_FORMAT=DYNAMIC;

-- 테이블 데이터 aa.spring_session_attributes:~1 rows (대략적) 내보내기
/*!40000 ALTER TABLE `spring_session_attributes` DISABLE KEYS */;
INSERT INTO `spring_session_attributes` (`SESSION_PRIMARY_ID`, `ATTRIBUTE_NAME`, `ATTRIBUTE_BYTES`) VALUES
	('17b3c7eb-8e8b-442f-8088-aeb2d6085c73', 'SPRING_SECURITY_CONTEXT', _binary 0xACED00057372003D6F72672E737072696E676672616D65776F726B2E73656375726974792E636F72652E636F6E746578742E5365637572697479436F6E74657874496D706C00000000000002120200014C000E61757468656E7469636174696F6E7400324C6F72672F737072696E676672616D65776F726B2F73656375726974792F636F72652F41757468656E7469636174696F6E3B78707372004F6F72672E737072696E676672616D65776F726B2E73656375726974792E61757468656E7469636174696F6E2E557365726E616D6550617373776F726441757468656E7469636174696F6E546F6B656E00000000000002120200024C000B63726564656E7469616C737400124C6A6176612F6C616E672F4F626A6563743B4C00097072696E636970616C71007E0004787200476F72672E737072696E676672616D65776F726B2E73656375726974792E61757468656E7469636174696F6E2E416273747261637441757468656E7469636174696F6E546F6B656ED3AA287E6E47640E0200035A000D61757468656E746963617465644C000B617574686F7269746965737400164C6A6176612F7574696C2F436F6C6C656374696F6E3B4C000764657461696C7371007E0004787001737200266A6176612E7574696C2E436F6C6C656374696F6E7324556E6D6F6469666961626C654C697374FC0F2531B5EC8E100200014C00046C6973747400104C6A6176612F7574696C2F4C6973743B7872002C6A6176612E7574696C2E436F6C6C656374696F6E7324556E6D6F6469666961626C65436F6C6C656374696F6E19420080CB5EF71E0200014C00016371007E00067870737200136A6176612E7574696C2E41727261794C6973747881D21D99C7619D03000149000473697A65787000000002770400000002737200426F72672E737072696E676672616D65776F726B2E73656375726974792E636F72652E617574686F726974792E53696D706C654772616E746564417574686F7269747900000000000002120200014C0004726F6C657400124C6A6176612F6C616E672F537472696E673B787074000A524F4C455F41444D494E7371007E000E740009524F4C455F555345527871007E000D737200486F72672E737072696E676672616D65776F726B2E73656375726974792E7765622E61757468656E7469636174696F6E2E57656241757468656E7469636174696F6E44657461696C7300000000000002120200024C000D72656D6F74654164647265737371007E000F4C000973657373696F6E496471007E000F787074000F303A303A303A303A303A303A303A3174002463343463363036352D383366642D343333352D393332662D663638616633376166636430707372001C636F6D2E746573742E70726F6A6563742E646F6D61696E2E5573657200000000000000010200095A001369734163636F756E744E6F6E457870697265645A001269734163636F756E744E6F6E4C6F636B65645A0017697343726564656E7469616C734E6F6E457870697265645A00096973456E61626C6564490004754964784C000B617574686F72697469657371007E00064C000870617373776F726471007E000F4C0005754E616D6571007E000F4C0008757365726E616D6571007E000F787001010101000000007371007E000C0000000277040000000271007E001071007E00127874003C243261243130246E63314872395955505444304D704D6E744B5A6D4F6538656E4F3931792E6A374A6F564A484B6475596263316D316577434C6B4636740009ECB59CECA784EC9AB1740003636A75);
/*!40000 ALTER TABLE `spring_session_attributes` ENABLE KEYS */;

-- 테이블 aa.user 구조 내보내기
CREATE TABLE IF NOT EXISTS `user` (
  `u_id` varchar(255) NOT NULL,
  `u_name` varchar(255) NOT NULL,
  `u_password` varchar(255) NOT NULL,
  `u_isAccountNonExpired` tinyint(4) DEFAULT NULL,
  `u_isAccountNonLocked` tinyint(4) DEFAULT NULL,
  `u_isCredentialNonExpired` tinyint(4) DEFAULT NULL,
  `u_isEnabled` tinyint(4) DEFAULT NULL,
  `u_idx` int(11) NOT NULL AUTO_INCREMENT,
  PRIMARY KEY (`u_idx`) USING BTREE
) ENGINE=InnoDB AUTO_INCREMENT=22 DEFAULT CHARSET=utf8;

-- 테이블 데이터 aa.user:~21 rows (대략적) 내보내기
/*!40000 ALTER TABLE `user` DISABLE KEYS */;
INSERT INTO `user` (`u_id`, `u_name`, `u_password`, `u_isAccountNonExpired`, `u_isAccountNonLocked`, `u_isCredentialNonExpired`, `u_isEnabled`, `u_idx`) VALUES
	('15', '15', '$2a$10$WOXDwGfy4Y3Aw70T.exnreinzToJqKmMQ8lNOn6KHqz7IXIiU/.6a', 1, 1, 1, 1, 1),
	('1556', '안녕하세', '111', NULL, NULL, NULL, NULL, 2),
	('a', '김떙땡', '1111', NULL, NULL, NULL, NULL, 3),
	('a1', '강호동', '5555', NULL, NULL, NULL, NULL, 4),
	('aaaa', 'asdf', '1234', NULL, NULL, NULL, NULL, 5),
	('as2', 'as2', '111', NULL, NULL, NULL, NULL, 6),
	('as3', 'as3', '111', NULL, NULL, NULL, NULL, 7),
	('as4', 'as4', '111', NULL, NULL, NULL, NULL, 8),
	('b', '이모씨', '222', NULL, NULL, NULL, NULL, 9),
	('b1', '박길동', '1111', NULL, NULL, NULL, NULL, 10),
	('bb1', '고길동', '2222', NULL, NULL, NULL, NULL, 11),
	('cc3', '최길동', 'c1c1', NULL, NULL, NULL, NULL, 12),
	('ccc', '강하다', '34343', NULL, NULL, NULL, NULL, 13),
	('cju', '최진욱', '$2a$10$nc1Hr9YUPTD0MpMntKZmOe8enO91y.j7JoVJHKduYbc1m1ewCLkF6', 1, 1, 1, 1, 14),
	('cju7942', '최진욱', '1234', NULL, NULL, NULL, NULL, 15),
	('dfdf', '홍길동', '545', NULL, NULL, NULL, NULL, 16),
	('lcomputer', '엘컴퓨터', '1234', NULL, NULL, NULL, NULL, 17),
	('lcomputer12345', '엘컴터222', '1234', NULL, NULL, NULL, NULL, 18),
	('wew', '박찬호', 'qqqq', NULL, NULL, NULL, NULL, 19),
	('zyzy', '대한민국', '252d', NULL, NULL, NULL, NULL, 20),
	('관리자', '관리자', '1234', NULL, NULL, NULL, NULL, 21);
/*!40000 ALTER TABLE `user` ENABLE KEYS */;

/*!40101 SET SQL_MODE=IFNULL(@OLD_SQL_MODE, '') */;
/*!40014 SET FOREIGN_KEY_CHECKS=IF(@OLD_FOREIGN_KEY_CHECKS IS NULL, 1, @OLD_FOREIGN_KEY_CHECKS) */;
/*!40101 SET CHARACTER_SET_CLIENT=@OLD_CHARACTER_SET_CLIENT */;
